{"Version":2,"SourceFileDate":132952772725117533,"Flags":["FL_BITMAP_COMPRESSION","FL_BITMAP_MIPMAP","FL_BITMAP_QUALITY_HIGH","FL_BITMAP_PRECOMPUTED_INV_AVG"],"InvAvgColor":[1.1048749685287476,1.1461131572723389,432.64010620117188],"HasTransp":true}