{"Version":2,"SourceFileDate":132951027505390056,"Flags":["FL_BITMAP_COMPRESSION","FL_BITMAP_MIPMAP","FL_BITMAP_QUALITY_HIGH","FL_BITMAP_PRECOMPUTED_INV_AVG"],"InvAvgColor":[6.1717195510864258,6.1717195510864258,1.0089775323867798]}