{"Version":2,"SourceFileDate":132951767826468093,"Flags":["FL_BITMAP_COMPRESSION","FL_BITMAP_MIPMAP","FL_BITMAP_QUALITY_HIGH","FL_BITMAP_PRECOMPUTED_INV_AVG"],"InvAvgColor":[1.077237606048584,1.1174377202987671,421.90536499023438],"HasTransp":true}