{"Version":2,"SourceFileDate":132952772467645974,"Flags":["FL_BITMAP_COMPRESSION","FL_BITMAP_MIPMAP","FL_BITMAP_QUALITY_HIGH","FL_BITMAP_PRECOMPUTED_INV_AVG"],"InvAvgColor":[1.0973837375640869,1.1383330821990967,429.79058837890625],"HasTransp":true}