{"Version":2,"SourceFileDate":132951690149950919,"Flags":["FL_BITMAP_COMPRESSION","FL_BITMAP_MIPMAP","FL_BITMAP_QUALITY_HIGH","FL_BITMAP_PRECOMPUTED_INV_AVG"],"InvAvgColor":[1.0460538864135742,1.0850903987884521,411.82498168945312]}