{"Version":2,"SourceFileDate":132951767523693119,"Flags":["FL_BITMAP_COMPRESSION","FL_BITMAP_MIPMAP","FL_BITMAP_QUALITY_HIGH","FL_BITMAP_PRECOMPUTED_INV_AVG"],"InvAvgColor":[1.0960615873336792,1.1369696855545044,429.3118896484375],"HasTransp":true}