{"Version":2,"SourceFileDate":132952772992450814,"Flags":["FL_BITMAP_COMPRESSION","FL_BITMAP_MIPMAP","FL_BITMAP_QUALITY_HIGH","FL_BITMAP_PRECOMPUTED_INV_AVG"],"InvAvgColor":[1.0994193553924561,1.1404478549957275,430.55758666992188],"HasTransp":true}